SET FOREIGN_KEY_CHECKS = 0;
-- DELETE FROM book_collection_comment where not id = -1;
-- DELETE FROM book_collection_book where not id = -1;
-- DELETE FROM book_collection where not id = -1;
-- DELETE FROM like_list where not id = -1;
-- DELETE FROM follow_list where not id = -1;
-- DELETE FROM book_shelf where not id = -1;
-- DELETE FROM book_review where not id = -1;
-- -- DELETE FROM book where not id = -1;
-- DELETE FROM term where not id = -1;
-- DELETE FROM email_veri where not email = "litlog 화이팅";
-- DELETE FROM user where not id = "litlog 화이팅";
SET FOREIGN_KEY_CHECKS = 1;

select * from user;

select * from book;

-- 1. 공통 코드 (common)

-- 2. 사용자 (user)
INSERT INTO user (id, name, tel, nickname, pwd, email, user_type, user_status)
VALUES
('user01', '홍길동', '010-1001-0001', '길동이', 'pwd123', 'user01@example.com', 2, 1),
('user02', '김철수', '010-1002-0002', '철수', 'pwd123', 'user02@example.com', 2, 1),
('user03', '이영희', '010-1003-0003', '영희짱', 'pwd123', 'user03@example.com', 2, 1),
('user04', '박민수', '010-1004-0004', '민수', 'pwd123', 'user04@example.com', 2, 1),
('user05', '최지우', '010-1005-0005', '지우', 'pwd123', 'user05@example.com', 2, 1),
('user06', '한서준', '010-1006-0006', '서준이', 'pwd123', 'user06@example.com', 2, 1),
('user07', '정다은', '010-1007-0007', '다은', 'pwd123', 'user07@example.com', 2, 1),
('user08', '오세훈', '010-1008-0008', '세훈', 'pwd123', 'user08@example.com', 2, 1),
('user09', '강나리', '010-1009-0009', '나리', 'pwd123', 'user09@example.com', 2, 1),
('user10', '신유진', '010-1010-0010', '유진', 'pwd123', 'user10@example.com', 2, 1),
('user11', '이서진', '010-1011-0011', '서진', 'pwd123', 'user11@example.com', 2, 1),
('user12', '조예린', '010-1012-0012', '예린', 'pwd123', 'user12@example.com', 2, 1),
('user13', '배수아', '010-1013-0013', '수아', 'pwd123', 'user13@example.com', 2, 1),
('user14', '임도현', '010-1014-0014', '도도', 'pwd123', 'user14@example.com', 2, 1),
('user15', '노지훈', '010-1015-0015', '지훈', 'pwd123', 'user15@example.com', 2, 1),
('user16', '윤하늘', '010-1016-0016', '하늘이', 'pwd123', 'user16@example.com', 2, 1),
('user17', '권예슬', '010-1017-0017', '예슬이', 'pwd123', 'user17@example.com', 2, 1),
('user18', '문찬호', '010-1018-0018', '찬호', 'pwd123', 'user18@example.com', 2, 1),
('user19', '백지민', '010-1019-0019', '지미니', 'pwd123', 'user19@example.com', 2, 1),
('user20', '장은영', '010-1020-0020', '은영', 'pwd123', 'user20@example.com', 2, 1),
('user21', '이준호', '010-1021-0021', '준호', 'pwd123', 'user21@example.com', 2, 1),
('user22', '정예진', '010-1022-0022', '예진이', 'pwd123', 'user22@example.com', 2, 1),
('user23', '한지민', '010-1023-0023', '지민짱', 'pwd123', 'user23@example.com', 2, 1),
('user24', '강동원', '010-1024-0024', '동원이', 'pwd123', 'user24@example.com', 2, 1),
('user25', '문가영', '010-1025-0025', '가영', 'pwd123', 'user25@example.com', 2, 1),
('user26', '이도윤', '010-1026-0026', '도도윤', 'pwd123', 'user26@example.com', 2, 1),
('user27', '서유리', '010-1027-0027', '유리빛', 'pwd123', 'user27@example.com', 2, 1),
('user28', '백민규', '010-1028-0028', '민규', 'pwd123', 'user28@example.com', 2, 1),
('user29', '조한나', '010-1029-0029', '한나', 'pwd123', 'user29@example.com', 2, 1),
('user30', '임태경', '010-1030-0030', '태경', 'pwd123', 'user30@example.com', 2, 1),
('user31', '이성우', '010-1031-0031', '성우', 'pwd123', 'user31@example.com', 2, 1),
('user32', '최보라', '010-1032-0032', '보라빛', 'pwd123', 'user32@example.com', 2, 1),
('user33', '윤지후', '010-1033-0033', '지후', 'pwd123', 'user33@example.com', 2, 1),
('user34', '노하늘', '010-1034-0034', '하늘이', 'pwd123', 'user34@example.com', 2, 1),
('user35', '배성현', '010-1035-0035', '성현', 'pwd123', 'user35@example.com', 2, 1),
('user36', '오예린', '010-1036-0036', '예린이', 'pwd123', 'user36@example.com', 2, 1),
('user37', '강하람', '010-1037-0037', '하람', 'pwd123', 'user37@example.com', 2, 1),
('user38', '김세희', '010-1038-0038', '세희', 'pwd123', 'user38@example.com', 2, 1),
('user39', '정민재', '010-1039-0039', '민재', 'pwd123', 'user39@example.com', 2, 1),
('user40', '장수빈', '010-1040-0040', '수빈', 'pwd123', 'user40@example.com', 2, 1);
SELECT * from book;

INSERT INTO book_shelf (book_id, user_id, shelf_type, progress) VALUES
-- user01
(1, 'user01', 1, 0),
(2, 'user01', 2, 45),
(3, 'user01', 3, 100),
-- user02
(4, 'user02', 1, 0),
(5, 'user02', 2, 60),
(6, 'user02', 3, 100),
-- user03
(7, 'user03', 1, 0),
(8, 'user03', 2, 70),
(9, 'user03', 3, 100),
-- user04
(10, 'user04', 1, 0),
(11, 'user04', 2, 30),
(12, 'user04', 3, 100),
-- user05
(13, 'user05', 1, 0),
(14, 'user05', 2, 50),
(15, 'user05', 3, 100),
-- user06
(16, 'user06', 1, 0),
(17, 'user06', 2, 35),
(18, 'user06', 3, 100),
-- user07
(19, 'user07', 1, 0),
(20, 'user07', 2, 60),
(21, 'user07', 3, 100),
-- user08
(22, 'user08', 1, 0),
(23, 'user08', 2, 45),
(24, 'user08', 3, 100),
-- user09
(25, 'user09', 1, 0),
(26, 'user09', 2, 55),
(27, 'user09', 3, 100),
-- user10
(28, 'user10', 1, 0),
(29, 'user10', 2, 65),
(30, 'user10', 3, 100),
-- user11
(31, 'user11', 1, 0),
(32, 'user11', 2, 40),
(33, 'user11', 3, 100),
-- user12
(34, 'user12', 1, 0),
(35, 'user12', 2, 60),
(36, 'user12', 3, 100),
-- user13
(37, 'user13', 1, 0),
(38, 'user13', 2, 50),
(39, 'user13', 3, 100),
-- user14
(40, 'user14', 1, 0),
(41, 'user14', 2, 35),
(42, 'user14', 3, 100),
-- user15
(43, 'user15', 1, 0),
(44, 'user15', 2, 70),
(45, 'user15', 3, 100),
-- user16
(46, 'user16', 1, 0),
(47, 'user16', 2, 60),
(48, 'user16', 3, 100),
-- user17
(49, 'user17', 1, 0),
(50, 'user17', 2, 45),
(1, 'user17', 3, 100),
-- user18
(2, 'user18', 1, 0),
(3, 'user18', 2, 55),
(4, 'user18', 3, 100),
-- user19
(5, 'user19', 1, 0),
(6, 'user19', 2, 40),
(7, 'user19', 3, 100),
-- user20
(8, 'user20', 1, 0),
(9, 'user20', 2, 60),
(10, 'user20', 3, 100),
-- user21
(11, 'user21', 1, 0),
(12, 'user21', 2, 45),
(13, 'user21', 3, 100),
-- user22
(14, 'user22', 1, 0),
(15, 'user22', 2, 70),
(16, 'user22', 3, 100),
-- user23
(17, 'user23', 1, 0),
(18, 'user23', 2, 50),
(19, 'user23', 3, 100),
-- user24
(20, 'user24', 1, 0),
(21, 'user24', 2, 30),
(22, 'user24', 3, 100),
-- user25
(23, 'user25', 1, 0),
(24, 'user25', 2, 80),
(25, 'user25', 3, 100),
-- user26
(26, 'user26', 1, 0),
(27, 'user26', 2, 65),
(28, 'user26', 3, 100),
-- user27
(29, 'user27', 1, 0),
(30, 'user27', 2, 60),
(31, 'user27', 3, 100),
-- user28
(32, 'user28', 1, 0),
(33, 'user28', 2, 50),
(34, 'user28', 3, 100),
-- user29
(35, 'user29', 1, 0),
(36, 'user29', 2, 55),
(37, 'user29', 3, 100),
-- user30
(38, 'user30', 1, 0),
(39, 'user30', 2, 60),
(40, 'user30', 3, 100);

INSERT INTO book_review (user_id, book_id, content, rating) VALUES
-- book_id = 1
('user01', 1, '정말 재미있게 읽었어요.', 5),
('user02', 1, '조금 어렵긴 했지만 유익했어요.', 4),
('user03', 1, '도움이 안 됐습니다.', 2),
('user04', 1, '내용이 너무 많아요.', 3),
('user05', 1, '완독은 힘들었지만 좋았어요.', 4),
-- book_id = 2
('user06', 2, '너무 재밌고 감동적이었어요.', 5),
('user07', 2, '글이 잘 안 읽혔습니다.', 2),
('user08', 2, '추천할만한 책이에요.', 4),
('user09', 2, '기대보단 별로였어요.', 3),
('user10', 2, '몰입감 최고!', 5),
-- book_id = 3
('user11', 3, '내용이 충실하고 좋았어요.', 5),
('user12', 3, '중간에 포기했어요.', 1),
('user13', 3, '그럭저럭 괜찮았습니다.', 3),
('user14', 3, '처음은 지루하지만 나중에 재밌어요.', 4),
('user15', 3, '조금 아쉬웠어요.', 3),
-- book_id = 4
('user16', 4, '작가의 시선이 인상 깊었어요.', 4),
('user17', 4, '내용이 너무 딱딱했어요.', 2),
('user18', 4, '재미있게 읽었습니다!', 5),
('user19', 4, '전개가 느렸어요.', 3),
('user20', 4, '다시 읽고 싶은 책이에요.', 5),
-- book_id = 5
('user21', 5, '책 구성이 참 좋았어요.', 4),
('user22', 5, '기대 이하였습니다.', 2),
('user23', 5, '보는 내내 웃었어요.', 5),
('user24', 5, '지루하지 않고 유익했어요.', 4),
('user25', 5, '한번쯤 읽을 만해요.', 3),
-- book_id = 6
('user26', 6, '몰입도가 높았어요.', 5),
('user27', 6, '이해가 안 되는 부분이 많았어요.', 2),
('user28', 6, '스토리가 매끄러워요.', 4),
('user29', 6, '지루한 부분도 있었어요.', 3),
('user30', 6, '가볍게 보기 좋아요.', 4),
-- book_id = 7
('user31', 7, '도움이 되는 정보가 많았어요.', 5),
('user32', 7, '생각보다 평범했어요.', 3),
('user33', 7, '지식이 늘어나는 느낌이에요.', 4),
('user34', 7, '전반적으로 괜찮았어요.', 4),
('user35', 7, '소장 가치 있어요.', 5),
-- book_id = 8
('user36', 8, '읽는 데 오래 걸렸어요.', 3),
('user37', 8, '추천하고 싶은 책입니다.', 5),
('user38', 8, '조금 더 간결했으면 좋았을 듯.', 3),
('user39', 8, '인상적인 문장이 많아요.', 4),
('user40', 8, '아주 만족스럽습니다.', 5),
-- book_id = 9
('user01', 9, '집중이 잘 됐습니다.', 4),
('user02', 9, '기대만큼은 아니었어요.', 2),
('user03', 9, '작가의 철학이 느껴졌어요.', 5),
('user04', 9, '문장이 어려웠어요.', 3),
('user05', 9, '여운이 남는 책이에요.', 4),
-- book_id = 10
('user06', 10, '매우 실용적인 내용이에요.', 5),
('user07', 10, '반복적인 느낌이 들었어요.', 3),
('user08', 10, '한 번쯤 읽어볼 만해요.', 4),
('user09', 10, '시간 아까웠습니다.', 1),
('user10', 10, '책 잘 만들었네요.', 5);

INSERT INTO follow_list (user_id, follow_user_id) VALUES
-- user01 follows user02, user03
('user01', 'user02'),
('user01', 'user03'),
-- user02 follows user01, user04, user05
('user02', 'user01'),
('user02', 'user04'),
('user02', 'user05'),
-- user03 follows user02, user06
('user03', 'user02'),
('user03', 'user06'),
-- user04 follows user05, user01
('user04', 'user05'),
('user04', 'user01'),
-- user05 follows user06, user07
('user05', 'user06'),
('user05', 'user07'),
-- user06 follows user03, user08
('user06', 'user03'),
('user06', 'user08'),
-- user07 follows user04, user06
('user07', 'user04'),
('user07', 'user06'),
-- user08 follows user09, user01
('user08', 'user09'),
('user08', 'user01'),
-- user09 follows user02, user05, user07
('user09', 'user02'),
('user09', 'user05'),
('user09', 'user07'),
-- user10 follows user06, user08
('user10', 'user06'),
('user10', 'user08');

--썸내일 불필요
INSERT INTO book_collection (user_id, title, content, thumbnail) VALUES 
('user01', '나의 인생책', '삶을 바꾼 책들 모음입니다.', 'https://example.com/thumb1.jpg'),
('user02', '기억에 남는 소설들', '잊지 못할 소설들을 모아봤어요.', 'https://example.com/thumb2.jpg'),
('user03', '힐링되는 책', '마음이 편안해지는 책들.', 'https://example.com/thumb3.jpg'),
('user04', '지식 확장 컬렉션', '새로운 관점을 주는 책 모음.', 'https://example.com/thumb4.jpg'),
('user05', '자기계발 추천', '성장을 도와준 책들입니다.', 'https://example.com/thumb5.jpg'),
('user06', '감성 충전 소설', '감정이 움직인 책들.', 'https://example.com/thumb6.jpg'),
('user07', '짧고 굵은 책', '짧은데 여운이 남는 책들.', 'https://example.com/thumb7.jpg'),
('user08', '고전 다시 읽기', '고전을 새롭게 읽어봤어요.', 'https://example.com/thumb8.jpg'),
('user09', '여행하며 읽은 책', '여행지에서 읽은 책 모음.', 'https://example.com/thumb9.jpg'),
('user10', '추천하고픈 책들', '친구들에게 추천했던 책들.', 'https://example.com/thumb10.jpg'),
('user11', 'SF & 판타지', '비현실 속 현실을 보다.', 'https://example.com/thumb11.jpg'),
('user12', '작가별 모음집', '좋아하는 작가별로 정리.', 'https://example.com/thumb12.jpg'),
('user13', '인생의 문장들', '명문장이 많았던 책들.', 'https://example.com/thumb13.jpg'),
('user14', '밤에 읽기 좋은 책', '밤에 조용히 읽기 좋은 책들.', 'https://example.com/thumb14.jpg'),
('user15', '따뜻한 이야기', '마음을 녹여주는 이야기들.', 'https://example.com/thumb15.jpg'),
('user16', '서점 추천 따라 읽기', '베스트셀러 위주로 읽었어요.', 'https://example.com/thumb16.jpg'),
('user17', '재미 보장', '지루할 틈이 없던 책들.', 'https://example.com/thumb17.jpg'),
('user18', '에세이 모음', '짧지만 깊은 에세이들.', 'https://example.com/thumb18.jpg'),
('user19', '혼자만 알고 싶은 책', '나만 알고 싶은 책들을 모았어요.', 'https://example.com/thumb19.jpg'),
('user20', '올해 읽은 베스트', '올해 읽은 책 중 최고의 책들.', 'https://example.com/thumb20.jpg');

--썸내일 불필요
INSERT INTO book_collection_book (collection_id, book_id, thumbnail, order_index) VALUES
(1, 1, 'https://example.com/book1.jpg', 0),
(1, 2, 'https://example.com/book2.jpg', 1),
(1, 3, 'https://example.com/book3.jpg', 2),
(1, 4, 'https://example.com/book4.jpg', 3),
(1, 5, 'https://example.com/book5.jpg', 4),
(1, 6, 'https://example.com/book6.jpg', 5),
(1, 7, 'https://example.com/book7.jpg', 6),
(1, 8, 'https://example.com/book8.jpg', 7),
(1, 9, 'https://example.com/book9.jpg', 8),
(1, 10, 'https://example.com/book10.jpg', 9),
(1, 11, 'https://example.com/book11.jpg', 10),
(1, 12, 'https://example.com/book12.jpg', 11),
(1, 13, 'https://example.com/book13.jpg', 12),
(1, 14, 'https://example.com/book14.jpg', 13),
(1, 15, 'https://example.com/book15.jpg', 14),
(1, 16, 'https://example.com/book16.jpg', 15),
(1, 17, 'https://example.com/book17.jpg', 16),
(1, 18, 'https://example.com/book18.jpg', 17),
(1, 19, 'https://example.com/book19.jpg', 18),
(1, 20, 'https://example.com/book20.jpg', 19),
(2, 41, 'https://example.com/book41.jpg', 0),
(2, 22, 'https://example.com/book22.jpg', 1),
(2, 8, 'https://example.com/book8.jpg', 2),
(2, 25, 'https://example.com/book25.jpg', 3),
(2, 47, 'https://example.com/book47.jpg', 4),
(2, 5, 'https://example.com/book5.jpg', 5),
(2, 4, 'https://example.com/book4.jpg', 6),
(2, 2, 'https://example.com/book2.jpg', 7),
(2, 43, 'https://example.com/book43.jpg', 8),
(2, 28, 'https://example.com/book28.jpg', 9),
(2, 39, 'https://example.com/book39.jpg', 10),
(2, 17, 'https://example.com/book17.jpg', 11),
(2, 26, 'https://example.com/book26.jpg', 12),
(2, 14, 'https://example.com/book14.jpg', 13),
(2, 10, 'https://example.com/book10.jpg', 14),
(2, 19, 'https://example.com/book19.jpg', 15),
(2, 9, 'https://example.com/book9.jpg', 16),
(2, 15, 'https://example.com/book15.jpg', 17),
(2, 30, 'https://example.com/book30.jpg', 18),
(2, 24, 'https://example.com/book24.jpg', 19),
(3, 47, 'https://example.com/book47.jpg', 0),
(3, 35, 'https://example.com/book35.jpg', 1),
(3, 7, 'https://example.com/book7.jpg', 2),
(3, 6, 'https://example.com/book6.jpg', 3),
(3, 3, 'https://example.com/book3.jpg', 4),
(3, 5, 'https://example.com/book5.jpg', 5),
(3, 15, 'https://example.com/book15.jpg', 6),
(3, 41, 'https://example.com/book41.jpg', 7),
(3, 21, 'https://example.com/book21.jpg', 8),
(3, 46, 'https://example.com/book46.jpg', 9),
(3, 23, 'https://example.com/book23.jpg', 10),
(3, 36, 'https://example.com/book36.jpg', 11),
(3, 37, 'https://example.com/book37.jpg', 12),
(3, 50, 'https://example.com/book50.jpg', 13),
(3, 44, 'https://example.com/book44.jpg', 14),
(3, 49, 'https://example.com/book49.jpg', 15),
(3, 24, 'https://example.com/book24.jpg', 16),
(3, 34, 'https://example.com/book34.jpg', 17),
(3, 38, 'https://example.com/book38.jpg', 18),
(3, 19, 'https://example.com/book19.jpg', 19),
(4, 42, 'https://example.com/book42.jpg', 0),
(4, 47, 'https://example.com/book47.jpg', 1),
(4, 45, 'https://example.com/book45.jpg', 2),
(4, 34, 'https://example.com/book34.jpg', 3),
(4, 37, 'https://example.com/book37.jpg', 4),
(4, 29, 'https://example.com/book29.jpg', 5),
(4, 39, 'https://example.com/book39.jpg', 6),
(4, 26, 'https://example.com/book26.jpg', 7),
(4, 9, 'https://example.com/book9.jpg', 8),
(4, 2, 'https://example.com/book2.jpg', 9),
(4, 25, 'https://example.com/book25.jpg', 10),
(4, 40, 'https://example.com/book40.jpg', 11),
(4, 32, 'https://example.com/book32.jpg', 12),
(4, 36, 'https://example.com/book36.jpg', 13),
(4, 24, 'https://example.com/book24.jpg', 14),
(4, 1, 'https://example.com/book1.jpg', 15),
(4, 8, 'https://example.com/book8.jpg', 16),
(4, 43, 'https://example.com/book43.jpg', 17),
(4, 6, 'https://example.com/book6.jpg', 18),
(4, 12, 'https://example.com/book12.jpg', 19),
(5, 9, 'https://example.com/book9.jpg', 0),
(5, 29, 'https://example.com/book29.jpg', 1),
(5, 39, 'https://example.com/book39.jpg', 2),
(5, 16, 'https://example.com/book16.jpg', 3),
(5, 49, 'https://example.com/book49.jpg', 4),
(5, 41, 'https://example.com/book41.jpg', 5),
(5, 12, 'https://example.com/book12.jpg', 6),
(5, 23, 'https://example.com/book23.jpg', 7),
(5, 43, 'https://example.com/book43.jpg', 8),
(5, 34, 'https://example.com/book34.jpg', 9),
(5, 32, 'https://example.com/book32.jpg', 10),
(5, 20, 'https://example.com/book20.jpg', 11),
(5, 22, 'https://example.com/book22.jpg', 12),
(5, 48, 'https://example.com/book48.jpg', 13),
(5, 37, 'https://example.com/book37.jpg', 14),
(5, 30, 'https://example.com/book30.jpg', 15),
(5, 17, 'https://example.com/book17.jpg', 16),
(5, 35, 'https://example.com/book35.jpg', 17),
(5, 31, 'https://example.com/book31.jpg', 18),
(5, 21, 'https://example.com/book21.jpg', 19),
(6, 38, 'https://example.com/book38.jpg', 0),
(6, 13, 'https://example.com/book13.jpg', 1),
(6, 6, 'https://example.com/book6.jpg', 2),
(6, 41, 'https://example.com/book41.jpg', 3),
(6, 36, 'https://example.com/book36.jpg', 4),
(6, 16, 'https://example.com/book16.jpg', 5),
(6, 49, 'https://example.com/book49.jpg', 6),
(6, 15, 'https://example.com/book15.jpg', 7),
(6, 2, 'https://example.com/book2.jpg', 8),
(6, 5, 'https://example.com/book5.jpg', 9),
(6, 11, 'https://example.com/book11.jpg', 10),
(6, 26, 'https://example.com/book26.jpg', 11),
(6, 42, 'https://example.com/book42.jpg', 12),
(6, 50, 'https://example.com/book50.jpg', 13),
(6, 32, 'https://example.com/book32.jpg', 14),
(6, 23, 'https://example.com/book23.jpg', 15),
(6, 47, 'https://example.com/book47.jpg', 16),
(6, 1, 'https://example.com/book1.jpg', 17),
(6, 8, 'https://example.com/book8.jpg', 18),
(6, 3, 'https://example.com/book3.jpg', 19),
(7, 50, 'https://example.com/book50.jpg', 0),
(7, 25, 'https://example.com/book25.jpg', 1),
(7, 44, 'https://example.com/book44.jpg', 2),
(7, 41, 'https://example.com/book41.jpg', 3),
(7, 24, 'https://example.com/book24.jpg', 4),
(7, 20, 'https://example.com/book20.jpg', 5),
(7, 8, 'https://example.com/book8.jpg', 6),
(7, 34, 'https://example.com/book34.jpg', 7),
(7, 40, 'https://example.com/book40.jpg', 8),
(7, 42, 'https://example.com/book42.jpg', 9),
(7, 13, 'https://example.com/book13.jpg', 10),
(7, 11, 'https://example.com/book11.jpg', 11),
(7, 37, 'https://example.com/book37.jpg', 12),
(7, 6, 'https://example.com/book6.jpg', 13),
(7, 39, 'https://example.com/book39.jpg', 14),
(7, 12, 'https://example.com/book12.jpg', 15),
(7, 14, 'https://example.com/book14.jpg', 16),
(7, 3, 'https://example.com/book3.jpg', 17),
(7, 7, 'https://example.com/book7.jpg', 18),
(7, 33, 'https://example.com/book33.jpg', 19),
(8, 23, 'https://example.com/book23.jpg', 0),
(8, 28, 'https://example.com/book28.jpg', 1),
(8, 8, 'https://example.com/book8.jpg', 2),
(8, 21, 'https://example.com/book21.jpg', 3),
(8, 18, 'https://example.com/book18.jpg', 4),
(8, 22, 'https://example.com/book22.jpg', 5),
(8, 26, 'https://example.com/book26.jpg', 6),
(8, 45, 'https://example.com/book45.jpg', 7),
(8, 34, 'https://example.com/book34.jpg', 8),
(8, 1, 'https://example.com/book1.jpg', 9),
(8, 31, 'https://example.com/book31.jpg', 10),
(8, 47, 'https://example.com/book47.jpg', 11),
(8, 16, 'https://example.com/book16.jpg', 12),
(8, 38, 'https://example.com/book38.jpg', 13),
(8, 10, 'https://example.com/book10.jpg', 14),
(8, 30, 'https://example.com/book30.jpg', 15),
(8, 35, 'https://example.com/book35.jpg', 16),
(8, 43, 'https://example.com/book43.jpg', 17),
(8, 20, 'https://example.com/book20.jpg', 18),
(8, 12, 'https://example.com/book12.jpg', 19),
(9, 24, 'https://example.com/book24.jpg', 0),
(9, 43, 'https://example.com/book43.jpg', 1),
(9, 18, 'https://example.com/book18.jpg', 2),
(9, 31, 'https://example.com/book31.jpg', 3),
(9, 17, 'https://example.com/book17.jpg', 4),
(9, 47, 'https://example.com/book47.jpg', 5),
(9, 20, 'https://example.com/book20.jpg', 6),
(9, 26, 'https://example.com/book26.jpg', 7),
(9, 34, 'https://example.com/book34.jpg', 8),
(9, 1, 'https://example.com/book1.jpg', 9),
(9, 30, 'https://example.com/book30.jpg', 10),
(9, 45, 'https://example.com/book45.jpg', 11),
(9, 7, 'https://example.com/book7.jpg', 12),
(9, 33, 'https://example.com/book33.jpg', 13),
(9, 4, 'https://example.com/book4.jpg', 14),
(9, 14, 'https://example.com/book14.jpg', 15),
(9, 8, 'https://example.com/book8.jpg', 16),
(9, 50, 'https://example.com/book50.jpg', 17),
(9, 46, 'https://example.com/book46.jpg', 18),
(9, 40, 'https://example.com/book40.jpg', 19),
(10, 50, 'https://example.com/book50.jpg', 0),
(10, 5, 'https://example.com/book5.jpg', 1),
(10, 22, 'https://example.com/book22.jpg', 2),
(10, 37, 'https://example.com/book37.jpg', 3),
(10, 14, 'https://example.com/book14.jpg', 4),
(10, 36, 'https://example.com/book36.jpg', 5),
(10, 46, 'https://example.com/book46.jpg', 6),
(10, 30, 'https://example.com/book30.jpg', 7),
(10, 27, 'https://example.com/book27.jpg', 8),
(10, 21, 'https://example.com/book21.jpg', 9),
(10, 48, 'https://example.com/book48.jpg', 10),
(10, 33, 'https://example.com/book33.jpg', 11),
(10, 26, 'https://example.com/book26.jpg', 12),
(10, 7, 'https://example.com/book7.jpg', 13),
(10, 34, 'https://example.com/book34.jpg', 14),
(10, 25, 'https://example.com/book25.jpg', 15),
(10, 1, 'https://example.com/book1.jpg', 16),
(10, 9, 'https://example.com/book9.jpg', 17),
(10, 28, 'https://example.com/book28.jpg', 18),
(10, 20, 'https://example.com/book20.jpg', 19),
(11, 31, 'https://example.com/book31.jpg', 0),
(11, 1, 'https://example.com/book1.jpg', 1),
(11, 8, 'https://example.com/book8.jpg', 2),
(11, 45, 'https://example.com/book45.jpg', 3),
(11, 10, 'https://example.com/book10.jpg', 4),
(11, 50, 'https://example.com/book50.jpg', 5),
(11, 22, 'https://example.com/book22.jpg', 6),
(11, 46, 'https://example.com/book46.jpg', 7),
(11, 47, 'https://example.com/book47.jpg', 8),
(11, 4, 'https://example.com/book4.jpg', 9),
(11, 26, 'https://example.com/book26.jpg', 10),
(11, 16, 'https://example.com/book16.jpg', 11),
(11, 29, 'https://example.com/book29.jpg', 12),
(11, 44, 'https://example.com/book44.jpg', 13),
(11, 17, 'https://example.com/book17.jpg', 14),
(11, 15, 'https://example.com/book15.jpg', 15),
(11, 43, 'https://example.com/book43.jpg', 16),
(11, 20, 'https://example.com/book20.jpg', 17),
(11, 21, 'https://example.com/book21.jpg', 18),
(11, 7, 'https://example.com/book7.jpg', 19),
(12, 22, 'https://example.com/book22.jpg', 0),
(12, 26, 'https://example.com/book26.jpg', 1),
(12, 14, 'https://example.com/book14.jpg', 2),
(12, 32, 'https://example.com/book32.jpg', 3),
(12, 17, 'https://example.com/book17.jpg', 4),
(12, 24, 'https://example.com/book24.jpg', 5),
(12, 45, 'https://example.com/book45.jpg', 6),
(12, 12, 'https://example.com/book12.jpg', 7),
(12, 46, 'https://example.com/book46.jpg', 8),
(12, 25, 'https://example.com/book25.jpg', 9),
(12, 31, 'https://example.com/book31.jpg', 10),
(12, 16, 'https://example.com/book16.jpg', 11),
(12, 4, 'https://example.com/book4.jpg', 12),
(12, 15, 'https://example.com/book15.jpg', 13),
(12, 41, 'https://example.com/book41.jpg', 14),
(12, 27, 'https://example.com/book27.jpg', 15),
(12, 28, 'https://example.com/book28.jpg', 16),
(12, 1, 'https://example.com/book1.jpg', 17),
(12, 13, 'https://example.com/book13.jpg', 18),
(12, 7, 'https://example.com/book7.jpg', 19),
(13, 9, 'https://example.com/book9.jpg', 0),
(13, 22, 'https://example.com/book22.jpg', 1),
(13, 40, 'https://example.com/book40.jpg', 2),
(13, 5, 'https://example.com/book5.jpg', 3),
(13, 25, 'https://example.com/book25.jpg', 4),
(13, 31, 'https://example.com/book31.jpg', 5),
(13, 33, 'https://example.com/book33.jpg', 6),
(13, 42, 'https://example.com/book42.jpg', 7),
(13, 26, 'https://example.com/book26.jpg', 8),
(13, 24, 'https://example.com/book24.jpg', 9),
(13, 30, 'https://example.com/book30.jpg', 10),
(13, 20, 'https://example.com/book20.jpg', 11),
(13, 1, 'https://example.com/book1.jpg', 12),
(13, 6, 'https://example.com/book6.jpg', 13),
(13, 50, 'https://example.com/book50.jpg', 14),
(13, 11, 'https://example.com/book11.jpg', 15),
(13, 49, 'https://example.com/book49.jpg', 16),
(13, 34, 'https://example.com/book34.jpg', 17),
(13, 32, 'https://example.com/book32.jpg', 18),
(13, 48, 'https://example.com/book48.jpg', 19),
(14, 26, 'https://example.com/book26.jpg', 0),
(14, 49, 'https://example.com/book49.jpg', 1),
(14, 33, 'https://example.com/book33.jpg', 2),
(14, 25, 'https://example.com/book25.jpg', 3),
(14, 29, 'https://example.com/book29.jpg', 4),
(14, 8, 'https://example.com/book8.jpg', 5),
(14, 47, 'https://example.com/book47.jpg', 6),
(14, 34, 'https://example.com/book34.jpg', 7),
(14, 7, 'https://example.com/book7.jpg', 8),
(14, 38, 'https://example.com/book38.jpg', 9),
(14, 35, 'https://example.com/book35.jpg', 10),
(14, 37, 'https://example.com/book37.jpg', 11),
(14, 12, 'https://example.com/book12.jpg', 12),
(14, 6, 'https://example.com/book6.jpg', 13),
(14, 32, 'https://example.com/book32.jpg', 14),
(14, 5, 'https://example.com/book5.jpg', 15),
(14, 40, 'https://example.com/book40.jpg', 16),
(14, 28, 'https://example.com/book28.jpg', 17),
(14, 15, 'https://example.com/book15.jpg', 18),
(14, 16, 'https://example.com/book16.jpg', 19),
(15, 32, 'https://example.com/book32.jpg', 0),
(15, 36, 'https://example.com/book36.jpg', 1),
(15, 9, 'https://example.com/book9.jpg', 2),
(15, 50, 'https://example.com/book50.jpg', 3),
(15, 17, 'https://example.com/book17.jpg', 4),
(15, 12, 'https://example.com/book12.jpg', 5),
(15, 13, 'https://example.com/book13.jpg', 6),
(15, 24, 'https://example.com/book24.jpg', 7),
(15, 28, 'https://example.com/book28.jpg', 8),
(15, 39, 'https://example.com/book39.jpg', 9),
(15, 23, 'https://example.com/book23.jpg', 10),
(15, 11, 'https://example.com/book11.jpg', 11),
(15, 3, 'https://example.com/book3.jpg', 12),
(15, 40, 'https://example.com/book40.jpg', 13),
(15, 46, 'https://example.com/book46.jpg', 14),
(15, 43, 'https://example.com/book43.jpg', 15),
(15, 45, 'https://example.com/book45.jpg', 16),
(15, 38, 'https://example.com/book38.jpg', 17),
(15, 15, 'https://example.com/book15.jpg', 18),
(15, 31, 'https://example.com/book31.jpg', 19),
(16, 12, 'https://example.com/book12.jpg', 0),
(16, 9, 'https://example.com/book9.jpg', 1),
(16, 49, 'https://example.com/book49.jpg', 2),
(16, 14, 'https://example.com/book14.jpg', 3),
(16, 45, 'https://example.com/book45.jpg', 4),
(16, 15, 'https://example.com/book15.jpg', 5),
(16, 35, 'https://example.com/book35.jpg', 6),
(16, 20, 'https://example.com/book20.jpg', 7),
(16, 24, 'https://example.com/book24.jpg', 8),
(16, 50, 'https://example.com/book50.jpg', 9),
(16, 37, 'https://example.com/book37.jpg', 10),
(16, 38, 'https://example.com/book38.jpg', 11),
(16, 4, 'https://example.com/book4.jpg', 12),
(16, 5, 'https://example.com/book5.jpg', 13),
(16, 1, 'https://example.com/book1.jpg', 14),
(16, 44, 'https://example.com/book44.jpg', 15),
(16, 13, 'https://example.com/book13.jpg', 16),
(16, 2, 'https://example.com/book2.jpg', 17),
(16, 33, 'https://example.com/book33.jpg', 18),
(16, 17, 'https://example.com/book17.jpg', 19),
(17, 3, 'https://example.com/book3.jpg', 0),
(17, 28, 'https://example.com/book28.jpg', 1),
(17, 31, 'https://example.com/book31.jpg', 2),
(17, 30, 'https://example.com/book30.jpg', 3),
(17, 6, 'https://example.com/book6.jpg', 4),
(17, 11, 'https://example.com/book11.jpg', 5),
(17, 8, 'https://example.com/book8.jpg', 6),
(17, 50, 'https://example.com/book50.jpg', 7),
(17, 25, 'https://example.com/book25.jpg', 8),
(17, 44, 'https://example.com/book44.jpg', 9),
(17, 37, 'https://example.com/book37.jpg', 10),
(17, 22, 'https://example.com/book22.jpg', 11),
(17, 42, 'https://example.com/book42.jpg', 12),
(17, 21, 'https://example.com/book21.jpg', 13),
(17, 16, 'https://example.com/book16.jpg', 14),
(17, 23, 'https://example.com/book23.jpg', 15),
(17, 46, 'https://example.com/book46.jpg', 16),
(17, 48, 'https://example.com/book48.jpg', 17),
(17, 29, 'https://example.com/book29.jpg', 18),
(17, 36, 'https://example.com/book36.jpg', 19),
(18, 42, 'https://example.com/book42.jpg', 0),
(18, 9, 'https://example.com/book9.jpg', 1),
(18, 30, 'https://example.com/book30.jpg', 2),
(18, 37, 'https://example.com/book37.jpg', 3),
(18, 38, 'https://example.com/book38.jpg', 4),
(18, 1, 'https://example.com/book1.jpg', 5),
(18, 5, 'https://example.com/book5.jpg', 6),
(18, 2, 'https://example.com/book2.jpg', 7),
(18, 28, 'https://example.com/book28.jpg', 8),
(18, 23, 'https://example.com/book23.jpg', 9),
(18, 15, 'https://example.com/book15.jpg', 10),
(18, 24, 'https://example.com/book24.jpg', 11),
(18, 11, 'https://example.com/book11.jpg', 12),
(18, 40, 'https://example.com/book40.jpg', 13),
(18, 22, 'https://example.com/book22.jpg', 14),
(18, 8, 'https://example.com/book8.jpg', 15),
(18, 45, 'https://example.com/book45.jpg', 16),
(18, 20, 'https://example.com/book20.jpg', 17),
(18, 46, 'https://example.com/book46.jpg', 18),
(18, 25, 'https://example.com/book25.jpg', 19),
(19, 7, 'https://example.com/book7.jpg', 0),
(19, 16, 'https://example.com/book16.jpg', 1),
(19, 10, 'https://example.com/book10.jpg', 2),
(19, 9, 'https://example.com/book9.jpg', 3),
(19, 33, 'https://example.com/book33.jpg', 4),
(19, 20, 'https://example.com/book20.jpg', 5),
(19, 1, 'https://example.com/book1.jpg', 6),
(19, 8, 'https://example.com/book8.jpg', 7),
(19, 5, 'https://example.com/book5.jpg', 8),
(19, 31, 'https://example.com/book31.jpg', 9),
(19, 45, 'https://example.com/book45.jpg', 10),
(19, 21, 'https://example.com/book21.jpg', 11),
(19, 18, 'https://example.com/book18.jpg', 12),
(19, 4, 'https://example.com/book4.jpg', 13),
(19, 13, 'https://example.com/book13.jpg', 14),
(19, 34, 'https://example.com/book34.jpg', 15),
(19, 14, 'https://example.com/book14.jpg', 16),
(19, 22, 'https://example.com/book22.jpg', 17),
(19, 28, 'https://example.com/book28.jpg', 18),
(19, 11, 'https://example.com/book11.jpg', 19),
(20, 14, 'https://example.com/book14.jpg', 0),
(20, 49, 'https://example.com/book49.jpg', 1),
(20, 6, 'https://example.com/book6.jpg', 2),
(20, 11, 'https://example.com/book11.jpg', 3),
(20, 18, 'https://example.com/book18.jpg', 4),
(20, 37, 'https://example.com/book37.jpg', 5),
(20, 23, 'https://example.com/book23.jpg', 6),
(20, 1, 'https://example.com/book1.jpg', 7),
(20, 35, 'https://example.com/book35.jpg', 8),
(20, 26, 'https://example.com/book26.jpg', 9),
(20, 22, 'https://example.com/book22.jpg', 10),
(20, 38, 'https://example.com/book38.jpg', 11),
(20, 7, 'https://example.com/book7.jpg', 12),
(20, 39, 'https://example.com/book39.jpg', 13),
(20, 4, 'https://example.com/book4.jpg', 14),
(20, 42, 'https://example.com/book42.jpg', 15),
(20, 20, 'https://example.com/book20.jpg', 16),
(20, 34, 'https://example.com/book34.jpg', 17),
(20, 31, 'https://example.com/book31.jpg', 18),
(20, 9, 'https://example.com/book9.jpg', 19);

INSERT INTO book_collection_comment (user_id, collection_id, content) VALUES
('user40', 1, '깔끔하게 정리되어 있네요.'),
('user27', 1, '이 중 몇 권은 저도 좋아합니다.'),
('user40', 2, '정말 좋은 책들 모아놓으셨네요!'),
('user26', 2, '많이 배워갑니다!'),
('user32', 3, '다 읽어보고 싶어졌어요.'),
('user31', 3, '덕분에 읽고 싶은 책이 늘었어요!'),
('user29', 4, '이 중 몇 권은 저도 좋아합니다.'),
('user36', 4, '다음 컬렉션도 기대할게요.'),
('user38', 5, '덕분에 읽고 싶은 책이 늘었어요!'),
('user22', 5, '다 읽어보고 싶어졌어요.'),
('user33', 6, '다음 컬렉션도 기대할게요.'),
('user34', 6, '많이 배워갑니다!'),
('user38', 7, '많이 배워갑니다!'),
('user40', 7, '정성 가득한 리스트네요.'),
('user28', 8, '정성 가득한 리스트네요.'),
('user27', 8, '많이 배워갑니다!'),
('user23', 9, '정성 가득한 리스트네요.'),
('user36', 9, '좋은 책 추천 감사합니다.'),
('user37', 10, '덕분에 읽고 싶은 책이 늘었어요!'),
('user38', 10, '깔끔하게 정리되어 있네요.'),
('user32', 11, '깔끔하게 정리되어 있네요.'),
('user33', 11, '구성이 마음에 들어요.'),
('user23', 12, '깔끔하게 정리되어 있네요.'),
('user22', 12, '정말 좋은 책들 모아놓으셨네요!'),
('user25', 13, '정말 좋은 책들 모아놓으셨네요!'),
('user21', 13, '깔끔하게 정리되어 있네요.'),
('user28', 14, '덕분에 읽고 싶은 책이 늘었어요!'),
('user34', 14, '이 중 몇 권은 저도 좋아합니다.'),
('user37', 15, '이 중 몇 권은 저도 좋아합니다.'),
('user34', 15, '많이 배워갑니다!'),
('user24', 16, '구성이 마음에 들어요.'),
('user22', 16, '다 읽어보고 싶어졌어요.'),
('user21', 17, '구성이 마음에 들어요.'),
('user35', 17, '이 중 몇 권은 저도 좋아합니다.'),
('user37', 18, '이 중 몇 권은 저도 좋아합니다.'),
('user26', 18, '다음 컬렉션도 기대할게요.'),
('user25', 19, '다음 컬렉션도 기대할게요.'),
('user35', 19, '깔끔하게 정리되어 있네요.'),
('user31', 20, '이 중 몇 권은 저도 좋아합니다.'),
('user36', 20, '좋은 책 추천 감사합니다.');

INSERT INTO like_list (user_id, target_id, like_type) VALUES
('user39', 23, 1),
('user34', 49, 1),
('user35', 17, 1),
('user27', 37, 1),
('user33', 6, 1),
('user33', 7, 1),
('user39', 33, 1),
('user27', 19, 1),
('user24', 10, 1),
('user31', 38, 1),
('user38', 46, 1),
('user39', 8, 1),
('user35', 10, 1),
('user21', 50, 1),
('user24', 42, 1),
('user39', 20, 1),
('user29', 25, 1),
('user28', 30, 1),
('user22', 3, 1),
('user33', 48, 1),
('user35', 34, 1),
('user25', 22, 1),
('user30', 50, 1),
('user38', 2, 1),
('user28', 3, 1),
('user27', 13, 1),
('user37', 45, 1),
('user35', 30, 1),
('user26', 10, 1),
('user27', 15, 1),
('user40', 19, 2),
('user24', 8, 2),
('user26', 12, 2),
('user30', 32, 2),
('user27', 16, 2),
('user27', 24, 2),
('user29', 41, 2),
('user39', 26, 2),
('user34', 26, 2),
('user40', 13, 2),
('user33', 47, 2),
('user34', 12, 2),
('user35', 44, 2),
('user21', 25, 2),
('user29', 21, 2),
('user34', 9, 2),
('user29', 20, 2),
('user24', 44, 2),
('user23', 28, 2),
('user35', 2, 2),
('user25', 34, 2),
('user36', 5, 2),
('user25', 6, 2),
('user32', 37, 2),
('user23', 46, 2),
('user35', 49, 2),
('user35', 22, 2),
('user26', 50, 2),
('user31', 23, 2),
('user30', 35, 2),
('user40', 6, 3),
('user32', 3, 3),
('user29', 15, 3),
('user24', 20, 3),
('user37', 19, 3),
('user28', 5, 3),
('user35', 12, 3),
('user33', 2, 3),
('user39', 13, 3),
('user38', 18, 3),
('user27', 4, 3),
('user28', 18, 3),
('user28', 7, 3),
('user24', 13, 3),
('user38', 4, 3),
('user27', 15, 3),
('user27', 12, 3),
('user29', 11, 3),
('user25', 4, 3),
('user39', 19, 3),
('user26', 18, 3),
('user24', 10, 3),
('user31', 11, 3),
('user39', 16, 3),
('user40', 11, 3),
('user27', 11, 3),
('user25', 12, 3),
('user21', 2, 3),
('user37', 4, 3),
('user40', 4, 3);

INSERT INTO like_list (user_id, target_id, like_type, creation_date) VALUES
('user36', 5, 3, '2025-05-12 17:58:16'),
('user30', 5, 3, '2025-05-13 02:27:38'),
('user30', 8, 3, '2025-05-13 13:14:20'),
('user25', 13, 3, '2025-05-10 02:31:04'),
('user21', 2, 3, '2025-05-13 11:49:34'),
('user28', 10, 3, '2025-05-08 21:42:29'),
('user21', 16, 3, '2025-05-11 18:53:06'),
('user40', 6, 3, '2025-05-10 07:57:17'),
('user32', 8, 3, '2025-05-12 17:13:40'),
('user34', 14, 3, '2025-05-11 15:02:33'),
('user39', 8, 3, '2025-05-09 19:43:16'),
('user24', 15, 3, '2025-05-13 00:10:32'),
('user32', 17, 3, '2025-05-09 18:42:57'),
('user21', 10, 3, '2025-05-12 21:54:52'),
('user21', 7, 3, '2025-05-13 13:57:21'),
('user31', 7, 3, '2025-05-12 05:09:34'),
('user25', 16, 3, '2025-05-08 00:12:09'),
('user26', 5, 3, '2025-05-13 11:45:14'),
('user32', 2, 3, '2025-05-10 10:02:37'),
('user35', 7, 3, '2025-05-09 03:37:32'),
('user27', 1, 3, '2025-05-11 04:07:58'),
('user32', 5, 3, '2025-05-11 23:08:03'),
('user22', 4, 3, '2025-05-12 20:20:06'),
('user31', 5, 3, '2025-05-11 16:32:40'),
('user27', 19, 3, '2025-05-08 21:19:56'),
('user26', 11, 3, '2025-05-12 11:23:20'),
('user23', 12, 3, '2025-05-09 20:25:32'),
('user30', 9, 3, '2025-05-10 14:20:10'),
('user40', 20, 3, '2025-05-12 14:52:21'),
('user26', 9, 3, '2025-05-12 20:02:03'),
('user40', 13, 3, '2025-05-09 05:15:04'),
('user23', 19, 3, '2025-05-08 18:26:51'),
('user34', 7, 3, '2025-05-11 11:57:25'),
('user35', 9, 3, '2025-05-11 13:25:35'),
('user34', 15, 3, '2025-05-11 13:49:38'),
('user22', 10, 3, '2025-05-13 16:09:41'),
('user22', 12, 3, '2025-05-11 03:06:05'),
('user27', 20, 3, '2025-05-10 07:58:18'),
('user25', 6, 3, '2025-05-10 14:50:29'),
('user27', 3, 3, '2025-05-10 10:23:06');

-- 작년년
INSERT INTO book_review (user_id, book_id, content, rating, creation_date) VALUES
('user02', 1, '[user02] 작년에 작성한 리뷰 1', 3, '2024-09-12 12:00:00'),
('user02', 2, '[user02] 작년에 작성한 리뷰 2', 4, '2024-10-28 12:00:00'),
('user05', 3, '[user05] 작년에 작성한 리뷰 1', 4, '2024-11-06 12:00:00'),
('user05', 4, '[user05] 작년에 작성한 리뷰 2', 4, '2024-03-28 12:00:00'),
('user10', 5, '[user10] 작년에 작성한 리뷰 1', 4, '2024-09-06 12:00:00'),
('user10', 6, '[user10] 작년에 작성한 리뷰 2', 4, '2024-12-10 12:00:00');

INSERT INTO book_collection (user_id, title, content, thumbnail, creation_date) VALUES
('user02', '[user02]의 작년 컬렉션 1', '내용입니다.', 'https://example.com/old_thumb_user02_1.jpg', '2024-12-22 15:00:00'),
('user02', '[user02]의 작년 컬렉션 2', '내용입니다.', 'https://example.com/old_thumb_user02_2.jpg', '2024-10-06 15:00:00'),
('user05', '[user05]의 작년 컬렉션 1', '내용입니다.', 'https://example.com/old_thumb_user05_1.jpg', '2024-06-28 15:00:00'),
('user05', '[user05]의 작년 컬렉션 2', '내용입니다.', 'https://example.com/old_thumb_user05_2.jpg', '2024-06-17 15:00:00'),
('user10', '[user10]의 작년 컬렉션 1', '내용입니다.', 'https://example.com/old_thumb_user10_1.jpg', '2024-04-10 15:00:00'),
('user10', '[user10]의 작년 컬렉션 2', '내용입니다.', 'https://example.com/old_thumb_user10_2.jpg', '2024-01-12 15:00:00');

SELECT * from book_collection;

SELECT 
    l.id AS like_id,
    l.user_id AS liked_by,
    l.target_id,
    l.like_type,
    l.creation_date
FROM like_list l
WHERE (
    l.like_type = 1 AND l.target_id IN (
        SELECT id FROM book_review WHERE user_id = 'user10'
    )
) OR (
    l.like_type = 3 AND l.target_id IN (
        SELECT id FROM book_collection WHERE user_id = 'user10'
    )
)
ORDER BY l.creation_date DESC;



INSERT INTO like_list (user_id, target_id, like_type, creation_date) VALUES
('user21', 21, 3, '2024-06-15 14:01:00'),
('user22', 21, 3, '2024-06-15 14:02:00'),
('user22', 22, 3, '2024-06-15 14:03:00'),
('user23', 22, 3, '2024-06-15 14:04:00'),
('user23', 23, 3, '2024-06-15 14:05:00'),
('user24', 23, 3, '2024-06-15 14:06:00'),
('user24', 24, 3, '2024-06-15 14:07:00'),
('user25', 24, 3, '2024-06-15 14:08:00'),
('user25', 25, 3, '2024-06-15 14:09:00'),
('user26', 25, 3, '2024-06-15 14:10:00'),
('user26', 26, 3, '2024-06-15 14:11:00'),
('user21', 26, 3, '2024-06-15 14:12:00');